Time,BLOCCO1:ZONA3:WINTER DESIGN DAY IN SENZA TITOLO (01-01:31-12):Des Heat Load [W],BLOCCO1:ZONA3:SUMMER DESIGN DAY IN SENZA TITOLO (01-01:31-12) LUG:Des Sens Cool Load [W],BLOCCO1:ZONA3:WINTER DESIGN DAY IN SENZA TITOLO (01-01:31-12):Des Heat Mass Flow [kg/s],BLOCCO1:ZONA3:SUMMER DESIGN DAY IN SENZA TITOLO (01-01:31-12) LUG:Des Cool Mass Flow [kg/s],BLOCCO1:ZONA6:WINTER DESIGN DAY IN SENZA TITOLO (01-01:31-12):Des Heat Load [W],BLOCCO1:ZONA6:SUMMER DESIGN DAY IN SENZA TITOLO (01-01:31-12) GIU:Des Sens Cool Load [W],BLOCCO1:ZONA6:WINTER DESIGN DAY IN SENZA TITOLO (01-01:31-12):Des Heat Mass Flow [kg/s],BLOCCO1:ZONA6:SUMMER DESIGN DAY IN SENZA TITOLO (01-01:31-12) GIU:Des Cool Mass Flow [kg/s],BLOCCO1:ZONA5:WINTER DESIGN DAY IN SENZA TITOLO (01-01:31-12):Des Heat Load [W],BLOCCO1:ZONA5:SUMMER DESIGN DAY IN SENZA TITOLO (01-01:31-12) GIU:Des Sens Cool Load [W],BLOCCO1:ZONA5:WINTER DESIGN DAY IN SENZA TITOLO (01-01:31-12):Des Heat Mass Flow [kg/s],BLOCCO1:ZONA5:SUMMER DESIGN DAY IN SENZA TITOLO (01-01:31-12) GIU:Des Cool Mass Flow [kg/s],BLOCCO1:ZONA7:WINTER DESIGN DAY IN SENZA TITOLO (01-01:31-12):Des Heat Load [W],BLOCCO1:ZONA7:SUMMER DESIGN DAY IN SENZA TITOLO (01-01:31-12) GIU:Des Sens Cool Load [W],BLOCCO1:ZONA7:WINTER DESIGN DAY IN SENZA TITOLO (01-01:31-12):Des Heat Mass Flow [kg/s],BLOCCO1:ZONA7:SUMMER DESIGN DAY IN SENZA TITOLO (01-01:31-12) GIU:Des Cool Mass Flow [kg/s],BLOCCO1:ZONA1:WINTER DESIGN DAY IN SENZA TITOLO (01-01:31-12):Des Heat Load [W],BLOCCO1:ZONA1:SUMMER DESIGN DAY IN SENZA TITOLO (01-01:31-12) GIU:Des Sens Cool Load [W],BLOCCO1:ZONA1:WINTER DESIGN DAY IN SENZA TITOLO (01-01:31-12):Des Heat Mass Flow [kg/s],BLOCCO1:ZONA1:SUMMER DESIGN DAY IN SENZA TITOLO (01-01:31-12) GIU:Des Cool Mass Flow [kg/s],BLOCCO1:ZONA2:WINTER DESIGN DAY IN SENZA TITOLO (01-01:31-12):Des Heat Load [W],BLOCCO1:ZONA2:SUMMER DESIGN DAY IN SENZA TITOLO (01-01:31-12) LUG:Des Sens Cool Load [W],BLOCCO1:ZONA2:WINTER DESIGN DAY IN SENZA TITOLO (01-01:31-12):Des Heat Mass Flow [kg/s],BLOCCO1:ZONA2:SUMMER DESIGN DAY IN SENZA TITOLO (01-01:31-12) LUG:Des Cool Mass Flow [kg/s],BLOCCO1:ZONA4:WINTER DESIGN DAY IN SENZA TITOLO (01-01:31-12):Des Heat Load [W],BLOCCO1:ZONA4:SUMMER DESIGN DAY IN SENZA TITOLO (01-01:31-12) LUG:Des Sens Cool Load [W],BLOCCO1:ZONA4:WINTER DESIGN DAY IN SENZA TITOLO (01-01:31-12):Des Heat Mass Flow [kg/s],BLOCCO1:ZONA4:SUMMER DESIGN DAY IN SENZA TITOLO (01-01:31-12) LUG:Des Cool Mass Flow [kg/s]
00:10:00,1.050102E+03,0.000000E+00,4.410378E-02,0.000000E+00,1.449023E+03,0.000000E+00,6.086887E-02,0.000000E+00,1.063548E+02,0.000000E+00,4.470511E-03,0.000000E+00,4.652861E+02,0.000000E+00,1.954708E-02,0.000000E+00,2.846288E+02,0.000000E+00,1.196043E-02,0.000000E+00,6.510395E+02,0.000000E+00,2.734368E-02,0.000000E+00,3.187626E+02,0.000000E+00,1.339118E-02,0.000000E+00
00:20:00,1.063021E+03,0.000000E+00,4.464582E-02,0.000000E+00,1.466144E+03,0.000000E+00,6.158755E-02,0.000000E+00,1.096957E+02,0.000000E+00,4.610842E-03,0.000000E+00,4.711785E+02,0.000000E+00,1.979429E-02,0.000000E+00,2.902929E+02,0.000000E+00,1.219816E-02,0.000000E+00,6.596679E+02,0.000000E+00,2.770578E-02,0.000000E+00,3.233568E+02,0.000000E+00,1.358399E-02,0.000000E+00
00:30:00,1.074934E+03,0.000000E+00,4.514567E-02,0.000000E+00,1.482024E+03,0.000000E+00,6.225412E-02,0.000000E+00,1.128295E+02,0.000000E+00,4.742467E-03,0.000000E+00,4.767627E+02,0.000000E+00,2.002867E-02,0.000000E+00,2.955625E+02,0.000000E+00,1.241933E-02,0.000000E+00,6.676588E+02,0.000000E+00,2.804111E-02,0.000000E+00,3.276508E+02,0.000000E+00,1.376427E-02,0.000000E+00
00:40:00,1.086045E+03,0.000000E+00,4.561182E-02,0.000000E+00,1.496919E+03,0.000000E+00,6.287933E-02,0.000000E+00,1.157964E+02,0.000000E+00,4.867072E-03,0.000000E+00,4.821291E+02,0.000000E+00,2.025398E-02,0.000000E+00,3.004733E+02,0.000000E+00,1.262544E-02,0.000000E+00,6.751405E+02,0.000000E+00,2.835506E-02,0.000000E+00,3.317628E+02,0.000000E+00,1.393684E-02,0.000000E+00
00:50:00,1.096494E+03,0.000000E+00,4.605019E-02,0.000000E+00,1.511007E+03,0.000000E+00,6.347066E-02,0.000000E+00,1.186200E+02,0.000000E+00,4.985652E-03,0.000000E+00,4.873379E+02,0.000000E+00,2.047268E-02,0.000000E+00,3.050309E+02,0.000000E+00,1.281671E-02,0.000000E+00,6.822020E+02,0.000000E+00,2.865136E-02,0.000000E+00,3.357121E+02,0.000000E+00,1.410261E-02,0.000000E+00
01:00:00,1.106382E+03,0.000000E+00,4.646505E-02,0.000000E+00,1.524417E+03,0.000000E+00,6.403350E-02,0.000000E+00,1.213138E+02,0.000000E+00,5.098772E-03,0.000000E+00,4.924517E+02,0.000000E+00,2.068742E-02,0.000000E+00,3.092899E+02,0.000000E+00,1.299540E-02,0.000000E+00,6.889081E+02,0.000000E+00,2.893274E-02,0.000000E+00,3.395493E+02,0.000000E+00,1.426369E-02,0.000000E+00
01:10:00,1.115920E+03,0.000000E+00,4.686518E-02,0.000000E+00,1.537568E+03,0.000000E+00,6.458543E-02,0.000000E+00,1.239175E+02,0.000000E+00,5.208100E-03,0.000000E+00,4.976045E+02,0.000000E+00,2.090383E-02,0.000000E+00,3.134287E+02,0.000000E+00,1.316903E-02,0.000000E+00,6.953760E+02,0.000000E+00,2.920413E-02,0.000000E+00,3.433430E+02,0.000000E+00,1.442296E-02,0.000000E+00
01:20:00,1.125046E+03,0.000000E+00,4.724805E-02,0.000000E+00,1.550213E+03,0.000000E+00,6.511615E-02,0.000000E+00,1.264015E+02,0.000000E+00,5.312390E-03,0.000000E+00,5.026677E+02,0.000000E+00,2.111651E-02,0.000000E+00,3.173983E+02,0.000000E+00,1.333557E-02,0.000000E+00,7.015912E+02,0.000000E+00,2.946490E-02,0.000000E+00,3.470880E+02,0.000000E+00,1.458021E-02,0.000000E+00
01:30:00,1.133800E+03,0.000000E+00,4.761530E-02,0.000000E+00,1.562413E+03,0.000000E+00,6.562814E-02,0.000000E+00,1.287657E+02,0.000000E+00,5.411640E-03,0.000000E+00,5.076821E+02,0.000000E+00,2.132712E-02,0.000000E+00,3.212361E+02,0.000000E+00,1.349662E-02,0.000000E+00,7.075704E+02,0.000000E+00,2.971576E-02,0.000000E+00,3.508425E+02,0.000000E+00,1.473787E-02,0.000000E+00
01:40:00,1.142222E+03,0.000000E+00,4.796857E-02,0.000000E+00,1.574214E+03,0.000000E+00,6.612341E-02,0.000000E+00,1.310069E+02,0.000000E+00,5.505712E-03,0.000000E+00,5.126484E+02,0.000000E+00,2.153569E-02,0.000000E+00,3.249877E+02,0.000000E+00,1.365408E-02,0.000000E+00,7.133387E+02,0.000000E+00,2.995778E-02,0.000000E+00,3.545357E+02,0.000000E+00,1.489301E-02,0.000000E+00
01:50:00,1.150343E+03,0.000000E+00,4.830926E-02,0.000000E+00,1.585655E+03,0.000000E+00,6.660359E-02,0.000000E+00,1.331176E+02,0.000000E+00,5.594295E-03,0.000000E+00,5.175467E+02,0.000000E+00,2.174140E-02,0.000000E+00,3.287110E+02,0.000000E+00,1.381039E-02,0.000000E+00,7.189169E+02,0.000000E+00,3.019181E-02,0.000000E+00,3.581939E+02,0.000000E+00,1.504665E-02,0.000000E+00
02:00:00,1.158191E+03,0.000000E+00,4.863849E-02,0.000000E+00,1.596770E+03,0.000000E+00,6.707003E-02,0.000000E+00,1.350824E+02,0.000000E+00,5.676733E-03,0.000000E+00,5.223876E+02,0.000000E+00,2.194468E-02,0.000000E+00,3.324031E+02,0.000000E+00,1.396543E-02,0.000000E+00,7.243224E+02,0.000000E+00,3.041859E-02,0.000000E+00,3.618036E+02,0.000000E+00,1.519823E-02,0.000000E+00
02:10:00,1.165790E+03,0.000000E+00,4.895726E-02,0.000000E+00,1.607585E+03,0.000000E+00,6.752387E-02,0.000000E+00,1.368692E+02,0.000000E+00,5.751673E-03,0.000000E+00,5.271677E+02,0.000000E+00,2.214539E-02,0.000000E+00,3.360617E+02,0.000000E+00,1.411908E-02,0.000000E+00,7.295700E+02,0.000000E+00,3.063874E-02,0.000000E+00,3.653684E+02,0.000000E+00,1.534790E-02,0.000000E+00
02:20:00,1.173160E+03,0.000000E+00,4.926640E-02,0.000000E+00,1.618123E+03,0.000000E+00,6.796609E-02,0.000000E+00,1.385502E+02,0.000000E+00,5.822141E-03,0.000000E+00,5.318887E+02,0.000000E+00,2.234361E-02,0.000000E+00,3.396327E+02,0.000000E+00,1.426903E-02,0.000000E+00,7.346722E+02,0.000000E+00,3.085279E-02,0.000000E+00,3.688884E+02,0.000000E+00,1.549569E-02,0.000000E+00
02:30:00,1.180317E+03,0.000000E+00,4.956663E-02,0.000000E+00,1.628403E+03,0.000000E+00,6.839751E-02,0.000000E+00,1.401337E+02,0.000000E+00,5.888534E-03,0.000000E+00,5.365515E+02,0.000000E+00,2.253937E-02,0.000000E+00,3.431260E+02,0.000000E+00,1.441568E-02,0.000000E+00,7.396400E+02,0.000000E+00,3.106120E-02,0.000000E+00,3.723641E+02,0.000000E+00,1.564161E-02,0.000000E+00
02:40:00,1.187277E+03,0.000000E+00,4.985859E-02,0.000000E+00,1.638444E+03,0.000000E+00,6.881886E-02,0.000000E+00,1.416340E+02,0.000000E+00,5.951449E-03,0.000000E+00,5.411567E+02,0.000000E+00,2.273272E-02,0.000000E+00,3.465834E+02,0.000000E+00,1.456081E-02,0.000000E+00,7.444828E+02,0.000000E+00,3.126436E-02,0.000000E+00,3.757958E+02,0.000000E+00,1.578568E-02,0.000000E+00
02:50:00,1.194053E+03,0.000000E+00,5.014281E-02,0.000000E+00,1.648260E+03,0.000000E+00,6.923076E-02,0.000000E+00,1.430596E+02,0.000000E+00,6.011224E-03,0.000000E+00,5.457050E+02,0.000000E+00,2.292366E-02,0.000000E+00,3.500174E+02,0.000000E+00,1.470499E-02,0.000000E+00,7.492087E+02,0.000000E+00,3.146261E-02,0.000000E+00,3.791840E+02,0.000000E+00,1.592792E-02,0.000000E+00
03:00:00,1.200657E+03,0.000000E+00,5.041980E-02,0.000000E+00,1.657863E+03,0.000000E+00,6.963375E-02,0.000000E+00,1.445010E+02,0.000000E+00,6.071672E-03,0.000000E+00,5.501970E+02,0.000000E+00,2.311224E-02,0.000000E+00,3.534467E+02,0.000000E+00,1.484898E-02,0.000000E+00,7.538251E+02,0.000000E+00,3.165627E-02,0.000000E+00,3.825293E+02,0.000000E+00,1.606835E-02,0.000000E+00
03:10:00,1.207098E+03,0.000000E+00,5.068999E-02,0.000000E+00,1.667267E+03,0.000000E+00,7.002834E-02,0.000000E+00,1.460155E+02,0.000000E+00,6.135243E-03,0.000000E+00,5.546334E+02,0.000000E+00,2.329848E-02,0.000000E+00,3.568889E+02,0.000000E+00,1.499353E-02,0.000000E+00,7.583383E+02,0.000000E+00,3.184559E-02,0.000000E+00,3.858320E+02,0.000000E+00,1.620699E-02,0.000000E+00
03:20:00,1.213386E+03,0.000000E+00,5.095376E-02,0.000000E+00,1.676480E+03,0.000000E+00,7.041494E-02,0.000000E+00,1.475679E+02,0.000000E+00,6.200467E-03,0.000000E+00,5.590145E+02,0.000000E+00,2.348239E-02,0.000000E+00,3.603716E+02,0.000000E+00,1.513980E-02,0.000000E+00,7.627542E+02,0.000000E+00,3.203083E-02,0.000000E+00,3.890928E+02,0.000000E+00,1.634386E-02,0.000000E+00
03:30:00,1.219530E+03,0.000000E+00,5.121145E-02,0.000000E+00,1.685512E+03,0.000000E+00,7.079394E-02,0.000000E+00,1.491785E+02,0.000000E+00,6.268139E-03,0.000000E+00,5.633410E+02,0.000000E+00,2.366400E-02,0.000000E+00,3.638946E+02,0.000000E+00,1.528779E-02,0.000000E+00,7.670776E+02,0.000000E+00,3.221218E-02,0.000000E+00,3.923121E+02,0.000000E+00,1.647899E-02,0.000000E+00
03:40:00,1.225537E+03,0.000000E+00,5.146338E-02,0.000000E+00,1.694372E+03,0.000000E+00,7.116569E-02,0.000000E+00,1.508621E+02,0.000000E+00,6.338894E-03,0.000000E+00,5.676132E+02,0.000000E+00,2.384333E-02,0.000000E+00,3.674218E+02,0.000000E+00,1.543596E-02,0.000000E+00,7.713132E+02,0.000000E+00,3.238985E-02,0.000000E+00,3.954905E+02,0.000000E+00,1.661240E-02,0.000000E+00
03:50:00,1.231412E+03,0.000000E+00,5.170983E-02,0.000000E+00,1.703066E+03,0.000000E+00,7.153049E-02,0.000000E+00,1.526424E+02,0.000000E+00,6.413727E-03,0.000000E+00,5.718317E+02,0.000000E+00,2.402040E-02,0.000000E+00,3.709506E+02,0.000000E+00,1.558417E-02,0.000000E+00,7.754650E+02,0.000000E+00,3.256400E-02,0.000000E+00,3.986284E+02,0.000000E+00,1.674410E-02,0.000000E+00
04:00:00,1.237163E+03,0.000000E+00,5.195104E-02,0.000000E+00,1.711601E+03,0.000000E+00,7.188862E-02,0.000000E+00,1.544671E+02,0.000000E+00,6.490451E-03,0.000000E+00,5.759968E+02,0.000000E+00,2.419523E-02,0.000000E+00,3.744733E+02,0.000000E+00,1.573211E-02,0.000000E+00,7.795367E+02,0.000000E+00,3.273479E-02,0.000000E+00,4.017262E+02,0.000000E+00,1.687413E-02,0.000000E+00
04:10:00,1.242795E+03,0.000000E+00,5.218725E-02,0.000000E+00,1.719984E+03,0.000000E+00,7.224034E-02,0.000000E+00,1.563335E+02,0.000000E+00,6.568907E-03,0.000000E+00,5.801090E+02,0.000000E+00,2.436784E-02,0.000000E+00,3.779865E+02,0.000000E+00,1.587965E-02,0.000000E+00,7.835315E+02,0.000000E+00,3.290236E-02,0.000000E+00,4.047846E+02,0.000000E+00,1.700249E-02,0.000000E+00
04:20:00,1.248313E+03,0.000000E+00,5.241866E-02,0.000000E+00,1.728219E+03,0.000000E+00,7.258587E-02,0.000000E+00,1.582267E+02,0.000000E+00,6.648469E-03,0.000000E+00,5.841687E+02,0.000000E+00,2.453823E-02,0.000000E+00,3.814868E+02,0.000000E+00,1.602663E-02,0.000000E+00,7.874525E+02,0.000000E+00,3.306682E-02,0.000000E+00,4.078037E+02,0.000000E+00,1.712920E-02,0.000000E+00
04:30:00,1.253720E+03,0.000000E+00,5.264546E-02,0.000000E+00,1.736312E+03,0.000000E+00,7.292543E-02,0.000000E+00,1.601408E+02,0.000000E+00,6.728902E-03,0.000000E+00,5.881763E+02,0.000000E+00,2.470644E-02,0.000000E+00,3.849714E+02,0.000000E+00,1.617295E-02,0.000000E+00,7.913023E+02,0.000000E+00,3.322829E-02,0.000000E+00,4.107842E+02,0.000000E+00,1.725429E-02,0.000000E+00
04:40:00,1.259023E+03,0.000000E+00,5.286784E-02,0.000000E+00,1.744267E+03,0.000000E+00,7.325921E-02,0.000000E+00,1.620706E+02,0.000000E+00,6.809985E-03,0.000000E+00,5.921322E+02,0.000000E+00,2.487247E-02,0.000000E+00,3.884376E+02,0.000000E+00,1.631850E-02,0.000000E+00,7.950833E+02,0.000000E+00,3.338688E-02,0.000000E+00,4.137262E+02,0.000000E+00,1.737776E-02,0.000000E+00
04:50:00,1.264223E+03,0.000000E+00,5.308594E-02,0.000000E+00,1.752089E+03,0.000000E+00,7.358739E-02,0.000000E+00,1.640115E+02,0.000000E+00,6.891524E-03,0.000000E+00,5.960367E+02,0.000000E+00,2.503635E-02,0.000000E+00,3.918835E+02,0.000000E+00,1.646318E-02,0.000000E+00,7.987980E+02,0.000000E+00,3.354269E-02,0.000000E+00,4.166301E+02,0.000000E+00,1.749963E-02,0.000000E+00
05:00:00,1.269325E+03,0.000000E+00,5.329993E-02,0.000000E+00,1.759781E+03,0.000000E+00,7.391012E-02,0.000000E+00,1.659593E+02,0.000000E+00,6.973353E-03,0.000000E+00,5.998902E+02,0.000000E+00,2.519808E-02,0.000000E+00,3.953072E+02,0.000000E+00,1.660693E-02,0.000000E+00,8.024483E+02,0.000000E+00,3.369579E-02,0.000000E+00,4.194963E+02,0.000000E+00,1.761991E-02,0.000000E+00
05:10:00,1.274332E+03,0.000000E+00,5.350992E-02,0.000000E+00,1.767347E+03,0.000000E+00,7.422757E-02,0.000000E+00,1.679109E+02,0.000000E+00,7.055332E-03,0.000000E+00,6.036931E+02,0.000000E+00,2.535768E-02,0.000000E+00,3.987071E+02,0.000000E+00,1.674967E-02,0.000000E+00,8.060361E+02,0.000000E+00,3.384627E-02,0.000000E+00,4.223250E+02,0.000000E+00,1.773862E-02,0.000000E+00
05:20:00,1.279248E+03,0.000000E+00,5.371606E-02,0.000000E+00,1.774791E+03,0.000000E+00,7.453987E-02,0.000000E+00,1.698632E+02,0.000000E+00,7.137341E-03,0.000000E+00,6.074459E+02,0.000000E+00,2.551518E-02,0.000000E+00,4.020818E+02,0.000000E+00,1.689135E-02,0.000000E+00,8.095633E+02,0.000000E+00,3.399420E-02,0.000000E+00,4.251165E+02,0.000000E+00,1.785577E-02,0.000000E+00
05:30:00,1.284074E+03,0.000000E+00,5.391846E-02,0.000000E+00,1.782115E+03,0.000000E+00,7.484715E-02,0.000000E+00,1.718138E+02,0.000000E+00,7.219272E-03,0.000000E+00,6.111488E+02,0.000000E+00,2.567058E-02,0.000000E+00,4.054302E+02,0.000000E+00,1.703193E-02,0.000000E+00,8.130315E+02,0.000000E+00,3.413966E-02,0.000000E+00,4.278711E+02,0.000000E+00,1.797136E-02,0.000000E+00
05:40:00,1.288814E+03,0.000000E+00,5.411724E-02,0.000000E+00,1.789323E+03,0.000000E+00,7.514955E-02,0.000000E+00,1.737604E+02,0.000000E+00,7.301036E-03,0.000000E+00,6.148022E+02,0.000000E+00,2.582391E-02,0.000000E+00,4.087511E+02,0.000000E+00,1.717135E-02,0.000000E+00,8.164422E+02,0.000000E+00,3.428271E-02,0.000000E+00,4.305890E+02,0.000000E+00,1.808542E-02,0.000000E+00
05:50:00,1.293469E+03,0.000000E+00,5.431249E-02,0.000000E+00,1.796418E+03,0.000000E+00,7.544719E-02,0.000000E+00,1.757011E+02,0.000000E+00,7.382549E-03,0.000000E+00,6.184067E+02,0.000000E+00,2.597517E-02,0.000000E+00,4.120437E+02,0.000000E+00,1.730958E-02,0.000000E+00,8.197969E+02,0.000000E+00,3.442340E-02,0.000000E+00,4.332707E+02,0.000000E+00,1.819795E-02,0.000000E+00
06:00:00,1.298044E+03,0.000000E+00,5.450432E-02,0.000000E+00,1.803401E+03,0.000000E+00,7.574016E-02,0.000000E+00,1.776343E+02,0.000000E+00,7.463742E-03,0.000000E+00,6.219625E+02,0.000000E+00,2.612439E-02,0.000000E+00,4.153072E+02,0.000000E+00,1.744658E-02,0.000000E+00,8.230970E+02,0.000000E+00,3.456180E-02,0.000000E+00,4.359162E+02,0.000000E+00,1.830897E-02,0.000000E+00
06:10:00,1.823238E+03,0.000000E+00,8.542812E-02,0.000000E+00,2.640523E+03,0.000000E+00,1.232051E-01,0.000000E+00,3.056081E+02,0.000000E+00,1.464527E-02,0.000000E+00,9.405986E+02,0.000000E+00,4.437397E-02,0.000000E+00,6.579786E+02,0.000000E+00,3.148326E-02,0.000000E+00,1.160629E+03,0.000000E+00,5.464515E-02,0.000000E+00,6.524941E+02,0.000000E+00,3.094599E-02,0.000000E+00
06:20:00,2.043540E+03,0.000000E+00,1.044681E-01,0.000000E+00,2.931674E+03,0.000000E+00,1.486898E-01,0.000000E+00,4.023687E+02,0.000000E+00,2.153711E-02,0.000000E+00,1.101891E+03,0.000000E+00,5.708113E-02,0.000000E+00,8.315590E+02,0.000000E+00,4.421009E-02,0.000000E+00,1.328626E+03,0.000000E+00,6.854094E-02,0.000000E+00,7.797133E+02,0.000000E+00,4.076516E-02,0.000000E+00
06:30:00,2.452008E+03,0.000000E+00,1.356344E-01,0.000000E+00,3.564928E+03,0.000000E+00,1.962206E-01,0.000000E+00,5.396598E+02,0.000000E+00,3.104281E-02,0.000000E+00,1.375911E+03,0.000000E+00,7.705530E-02,0.000000E+00,1.076814E+03,0.000000E+00,6.155949E-02,0.000000E+00,1.606145E+03,0.000000E+00,8.949635E-02,0.000000E+00,9.749036E+02,0.000000E+00,5.496736E-02,0.000000E+00
06:40:00,2.799818E+03,0.000000E+00,1.629169E-01,0.000000E+00,4.094999E+03,0.000000E+00,2.371342E-01,0.000000E+00,6.619527E+02,0.000000E+00,3.959199E-02,0.000000E+00,1.612724E+03,0.000000E+00,9.464980E-02,0.000000E+00,1.295978E+03,0.000000E+00,7.724519E-02,0.000000E+00,1.846167E+03,0.000000E+00,1.080542E-01,0.000000E+00,1.146037E+03,0.000000E+00,6.763346E-02,0.000000E+00
06:50:00,3.135480E+03,0.000000E+00,1.894396E-01,0.000000E+00,4.607173E+03,0.000000E+00,2.769317E-01,0.000000E+00,7.806626E+02,0.000000E+00,4.791936E-02,0.000000E+00,1.841871E+03,0.000000E+00,1.117677E-01,0.000000E+00,1.508730E+03,0.000000E+00,9.253180E-02,0.000000E+00,2.077919E+03,0.000000E+00,1.260938E-01,0.000000E+00,1.311614E+03,0.000000E+00,7.995316E-02,0.000000E+00
07:00:00,3.463030E+03,0.000000E+00,2.154505E-01,0.000000E+00,5.107576E+03,0.000000E+00,3.159911E-01,0.000000E+00,8.967885E+02,0.000000E+00,5.608639E-02,0.000000E+00,2.065750E+03,0.000000E+00,1.285564E-01,0.000000E+00,1.716783E+03,0.000000E+00,1.075249E-01,0.000000E+00,2.304012E+03,0.000000E+00,1.437764E-01,0.000000E+00,1.473303E+03,0.000000E+00,9.202948E-02,0.000000E+00
07:10:00,3.263102E+03,0.000000E+00,2.103005E-01,0.000000E+00,4.767888E+03,0.000000E+00,3.072581E-01,0.000000E+00,8.846469E+02,0.000000E+00,5.701608E-02,0.000000E+00,1.970043E+03,0.000000E+00,1.269656E-01,0.000000E+00,1.681319E+03,0.000000E+00,1.083647E-01,0.000000E+00,2.191079E+03,0.000000E+00,1.412155E-01,0.000000E+00,1.417730E+03,0.000000E+00,9.137399E-02,0.000000E+00
07:20:00,3.362124E+03,0.000000E+00,2.166680E-01,0.000000E+00,4.965519E+03,0.000000E+00,3.199726E-01,0.000000E+00,9.017241E+02,0.000000E+00,5.811417E-02,0.000000E+00,2.027714E+03,0.000000E+00,1.306748E-01,0.000000E+00,1.711273E+03,0.000000E+00,1.102903E-01,0.000000E+00,2.243524E+03,0.000000E+00,1.445867E-01,0.000000E+00,1.448590E+03,0.000000E+00,9.335784E-02,0.000000E+00
07:30:00,3.267710E+03,0.000000E+00,2.105876E-01,0.000000E+00,4.813342E+03,0.000000E+00,3.101718E-01,0.000000E+00,8.764302E+02,0.000000E+00,5.648723E-02,0.000000E+00,1.969076E+03,0.000000E+00,1.268999E-01,0.000000E+00,1.666196E+03,0.000000E+00,1.073897E-01,0.000000E+00,2.182752E+03,0.000000E+00,1.406733E-01,0.000000E+00,1.408834E+03,0.000000E+00,9.079861E-02,0.000000E+00
07:40:00,3.229185E+03,0.000000E+00,2.081012E-01,0.000000E+00,4.757354E+03,0.000000E+00,3.065641E-01,0.000000E+00,8.644001E+02,0.000000E+00,5.571234E-02,0.000000E+00,1.944345E+03,0.000000E+00,1.253056E-01,0.000000E+00,1.644087E+03,0.000000E+00,1.059638E-01,0.000000E+00,2.156122E+03,0.000000E+00,1.389537E-01,0.000000E+00,1.390695E+03,0.000000E+00,8.962825E-02,0.000000E+00
07:50:00,3.198412E+03,0.000000E+00,2.061080E-01,0.000000E+00,4.712795E+03,0.000000E+00,3.036813E-01,0.000000E+00,8.542918E+02,0.000000E+00,5.505938E-02,0.000000E+00,1.924184E+03,0.000000E+00,1.240013E-01,0.000000E+00,1.625444E+03,0.000000E+00,1.047591E-01,0.000000E+00,2.134660E+03,0.000000E+00,1.375645E-01,0.000000E+00,1.375822E+03,0.000000E+00,8.866634E-02,0.000000E+00
08:00:00,3.171647E+03,0.000000E+00,2.043785E-01,0.000000E+00,4.673943E+03,0.000000E+00,3.011710E-01,0.000000E+00,8.451628E+02,0.000000E+00,5.447044E-02,0.000000E+00,1.906354E+03,0.000000E+00,1.228498E-01,0.000000E+00,1.608698E+03,0.000000E+00,1.036792E-01,0.000000E+00,2.115953E+03,0.000000E+00,1.363569E-01,0.000000E+00,1.362663E+03,0.000000E+00,8.781723E-02,0.000000E+00
08:10:00,3.147809E+03,1.110444E+01,2.028424E-01,6.778869E-04,4.639218E+03,0.000000E+00,2.989329E-01,0.000000E+00,8.366943E+02,7.200864E+00,5.392484E-02,4.346312E-04,1.890177E+03,0.000000E+00,1.218074E-01,0.000000E+00,1.593350E+03,8.366463E+00,1.026907E-01,5.088889E-04,2.099248E+03,8.473994E+00,1.352809E-01,5.152239E-04,1.350722E+03,1.114197E+01,8.704805E-02,6.703199E-04
08:20:00,3.126192E+03,2.358026E+01,2.014503E-01,1.443006E-03,4.607593E+03,0.000000E+00,2.968963E-01,0.000000E+00,8.286938E+02,1.280057E+01,5.340943E-02,7.780112E-04,1.875228E+03,0.000000E+00,1.208446E-01,0.000000E+00,1.579070E+03,1.569393E+01,1.017707E-01,9.582754E-04,2.084068E+03,1.635971E+01,1.343033E-01,9.988356E-04,1.339679E+03,2.035776E+01,8.633681E-02,1.235515E-03
08:30:00,3.106292E+03,4.521531E+01,2.001681E-01,2.769936E-03,4.578368E+03,0.000000E+00,2.950136E-01,0.000000E+00,8.210439E+02,2.129859E+01,5.291641E-02,1.299255E-03,1.861231E+03,4.125241E+00,1.199426E-01,2.531623E-04,1.565638E+03,2.688453E+01,1.009051E-01,1.644645E-03,2.070057E+03,3.045497E+01,1.334005E-01,1.863333E-03,1.329335E+03,3.544889E+01,8.567019E-02,2.161165E-03
08:40:00,3.087763E+03,7.188545E+01,1.989739E-01,4.405815E-03,4.551050E+03,1.116286E+01,2.932531E-01,6.866286E-04,8.136725E+02,3.069564E+01,5.244125E-02,1.875698E-03,1.847985E+03,1.096097E+01,1.190889E-01,6.723950E-04,1.552900E+03,4.005701E+01,1.000839E-01,2.452631E-03,2.056982E+03,4.710445E+01,1.325577E-01,2.884576E-03,1.319544E+03,5.163088E+01,8.503902E-02,3.153842E-03
08:50:00,3.070375E+03,1.044831E+02,1.978531E-01,6.405355E-03,4.525310E+03,3.300274E+01,2.915941E-01,2.026078E-03,8.065383E+02,4.137016E+01,5.198138E-02,2.530519E-03,1.835370E+03,2.162394E+01,1.182758E-01,1.326376E-03,1.540753E+03,5.561032E+01,9.930095E-02,3.406688E-03,2.044689E+03,6.715144E+01,1.317652E-01,4.114257E-03,1.310216E+03,6.986802E+01,8.443779E-02,4.272611E-03
09:00:00,3.053963E+03,1.742753E+02,1.967953E-01,1.068662E-02,4.500919E+03,6.514866E+01,2.900221E-01,3.997693E-03,7.996156E+02,5.333535E+01,5.153517E-02,3.264541E-03,1.823301E+03,3.601388E+01,1.174979E-01,2.208991E-03,1.529125E+03,7.357394E+01,9.855141E-02,4.508641E-03,2.033064E+03,1.093424E+02,1.310160E-01,6.702362E-03,1.301291E+03,1.018922E+02,8.386256E-02,6.237219E-03
09:10:00,2.606607E+03,2.305587E+02,1.664386E-01,1.414433E-02,3.811710E+03,1.590872E+02,2.440225E-01,9.759587E-03,6.641789E+02,6.584266E+01,4.279008E-02,4.038980E-03,1.536139E+03,7.128795E+01,9.850674E-02,4.372663E-03,1.281508E+03,9.705125E+01,8.232271E-02,5.953241E-03,1.733813E+03,1.415354E+02,1.107430E-01,8.682790E-03,1.097890E+03,1.217375E+02,7.036985E-02,7.468619E-03
09:20:00,2.199852E+03,2.862515E+02,1.378656E-01,1.756244E-02,3.183146E+03,2.536385E+02,2.006833E-01,1.556179E-02,5.369585E+02,7.992721E+01,3.441739E-02,4.903611E-03,1.274025E+03,1.066938E+02,8.061693E-02,6.545327E-03,1.050880E+03,1.216389E+02,6.685377E-02,7.462408E-03,1.459978E+03,1.746919E+02,9.158739E-02,1.071769E-02,9.113122E+02,1.436453E+02,5.762233E-02,8.813352E-03
09:30:00,1.826231E+03,3.334381E+02,1.107527E-01,2.045843E-02,2.611768E+03,3.499783E+02,1.598497E-01,2.147358E-02,4.152874E+02,9.120451E+01,2.630704E-02,5.595886E-03,1.027427E+03,1.384919E+02,6.342966E-02,8.496500E-03,8.304935E+02,1.426559E+02,5.186219E-02,8.752427E-03,1.205216E+03,2.019453E+02,7.327963E-02,1.239029E-02,7.343862E+02,1.597699E+02,4.531559E-02,9.803079E-03
09:40:00,1.482540E+03,3.763763E+02,8.493265E-02,2.309340E-02,2.094287E+03,4.366550E+02,1.213392E-01,2.679037E-02,3.010343E+02,1.016527E+02,1.853104E-02,6.237113E-03,7.988620E+02,1.680116E+02,4.703593E-02,1.030796E-02,6.232639E+02,1.619408E+02,3.746189E-02,9.935959E-03,9.690681E+02,2.270660E+02,5.578242E-02,1.393180E-02,5.692456E+02,1.749495E+02,3.353070E-02,1.073454E-02
09:50:00,1.150062E+03,4.142976E+02,5.963784E-02,2.542031E-02,1.587214E+03,5.143368E+02,8.334785E-02,3.155716E-02,1.898182E+02,1.109138E+02,1.090719E-02,6.805392E-03,5.756713E+02,1.942000E+02,3.090959E-02,1.191496E-02,4.202776E+02,1.791321E+02,2.328033E-02,1.099086E-02,7.405667E+02,2.493068E+02,3.864512E-02,1.529648E-02,4.082524E+02,1.882764E+02,2.195084E-02,1.155220E-02
10:00:00,8.257838E+02,4.160106E+02,3.474070E-02,2.552583E-02,1.093989E+03,5.835173E+02,4.601857E-02,3.580221E-02,8.053567E+01,1.189903E+02,3.388639E-03,7.300888E-03,3.575780E+02,2.172028E+02,1.503810E-02,1.332641E-02,2.210737E+02,1.942293E+02,9.296854E-03,1.191715E-02,5.174092E+02,2.499528E+02,2.177021E-02,1.533634E-02,2.507623E+02,1.880356E+02,1.054818E-02,1.153739E-02
10:10:00,9.392112E+02,4.210412E+02,3.949663E-02,2.583293E-02,1.275202E+03,5.926056E+02,5.362427E-02,3.636108E-02,1.017097E+02,1.193303E+02,4.278417E-03,7.321689E-03,4.186311E+02,2.198276E+02,1.760044E-02,1.348778E-02,2.614087E+02,1.957295E+02,1.098993E-02,1.200918E-02,5.865125E+02,2.526209E+02,2.466347E-02,1.549913E-02,2.907204E+02,1.890235E+02,1.222497E-02,1.159719E-02
10:20:00,1.017915E+03,4.263510E+02,4.278146E-02,2.615734E-02,1.404110E+03,6.029816E+02,5.901754E-02,3.699607E-02,1.163434E+02,1.198099E+02,4.893149E-03,7.350612E-03,4.582514E+02,2.228936E+02,1.926110E-02,1.367525E-02,2.879343E+02,1.975033E+02,1.210296E-02,1.211727E-02,6.342443E+02,2.555138E+02,2.665540E-02,1.567583E-02,3.165311E+02,1.901202E+02,1.330439E-02,1.166379E-02
10:30:00,1.068795E+03,4.321432E+02,4.489165E-02,2.651166E-02,1.483404E+03,6.136050E+02,6.231585E-02,3.764627E-02,1.269797E+02,1.203341E+02,5.336882E-03,7.382327E-03,4.856925E+02,2.260740E+02,2.040499E-02,1.386977E-02,3.072030E+02,1.993559E+02,1.290804E-02,1.223026E-02,6.665798E+02,2.587372E+02,2.799812E-02,1.587299E-02,3.351572E+02,1.914042E+02,1.408034E-02,1.174206E-02
10:40:00,1.094618E+03,4.383835E+02,4.597271E-02,2.689376E-02,1.515778E+03,6.249035E+02,6.367220E-02,3.833817E-02,1.316417E+02,1.209434E+02,5.532359E-03,7.419386E-03,4.982373E+02,2.294940E+02,2.093104E-02,1.407911E-02,3.161270E+02,2.013695E+02,1.328233E-02,1.235329E-02,6.836839E+02,2.622424E+02,2.871437E-02,1.608761E-02,3.443203E+02,1.928571E+02,1.446451E-02,1.183085E-02
10:50:00,1.113740E+03,4.450402E+02,4.677442E-02,2.730163E-02,1.544245E+03,6.368348E+02,6.486662E-02,3.906921E-02,1.346410E+02,1.216363E+02,5.658149E-03,7.461689E-03,5.083802E+02,2.331443E+02,2.135686E-02,1.430270E-02,3.234756E+02,2.035335E+02,1.359073E-02,1.248571E-02,6.962924E+02,2.659908E+02,2.924306E-02,1.631728E-02,3.515378E+02,1.944570E+02,1.476743E-02,1.192879E-02
11:00:00,1.128889E+03,4.521297E+02,4.740973E-02,2.773621E-02,1.564992E+03,6.494181E+02,6.573698E-02,3.984049E-02,1.370841E+02,1.224168E+02,5.760600E-03,7.509437E-03,5.162571E+02,2.370293E+02,2.168753E-02,1.454079E-02,3.295800E+02,2.058545E+02,1.384701E-02,1.262787E-02,7.065027E+02,2.700076E+02,2.967131E-02,1.656350E-02,3.573485E+02,1.962223E+02,1.501137E-02,1.203694E-02
11:10:00,1.142112E+03,4.603033E+02,4.796435E-02,2.823739E-02,1.583088E+03,6.639339E+02,6.649628E-02,4.073052E-02,1.390942E+02,1.235402E+02,5.844894E-03,7.578266E-03,5.232855E+02,2.415427E+02,2.198259E-02,1.481750E-02,3.350207E+02,2.086048E+02,1.407550E-02,1.279645E-02,7.154600E+02,2.746330E+02,3.004704E-02,1.684711E-02,3.625617E+02,1.983899E+02,1.523023E-02,1.216982E-02
11:20:00,1.153985E+03,4.688381E+02,4.846237E-02,2.876082E-02,1.599414E+03,6.789129E+02,6.718136E-02,4.164911E-02,1.408665E+02,1.247362E+02,5.919222E-03,7.651586E-03,5.297557E+02,2.462655E+02,2.225422E-02,1.510710E-02,3.399819E+02,2.114852E+02,1.428380E-02,1.297305E-02,7.235303E+02,2.795240E+02,3.038558E-02,1.714706E-02,3.673619E+02,2.007160E+02,1.543174E-02,1.231246E-02
11:30:00,1.164826E+03,4.775976E+02,4.891708E-02,2.929807E-02,1.614390E+03,6.943613E+02,6.780974E-02,4.259659E-02,1.425425E+02,1.260044E+02,5.989499E-03,7.729352E-03,5.358099E+02,2.511038E+02,2.250838E-02,1.540383E-02,3.446420E+02,2.144483E+02,1.447938E-02,1.315476E-02,7.309228E+02,2.845031E+02,3.069568E-02,1.745245E-02,3.718565E+02,2.031200E+02,1.562041E-02,1.245990E-02
11:40:00,1.174849E+03,4.867139E+02,4.933748E-02,2.985726E-02,1.628304E+03,7.102755E+02,6.839359E-02,4.357272E-02,1.441783E+02,1.273446E+02,6.058136E-03,7.811543E-03,5.415437E+02,2.561489E+02,2.274907E-02,1.571327E-02,3.490483E+02,2.175391E+02,1.466435E-02,1.334432E-02,7.377779E+02,2.897370E+02,3.098323E-02,1.777348E-02,3.761150E+02,2.056752E+02,1.579916E-02,1.261662E-02
11:50:00,1.184212E+03,4.960356E+02,4.973021E-02,3.042907E-02,1.641369E+03,7.266542E+02,6.894180E-02,4.457740E-02,1.458466E+02,1.287571E+02,6.128182E-03,7.898176E-03,5.470212E+02,2.613122E+02,2.297900E-02,1.602997E-02,3.532772E+02,2.207105E+02,1.484189E-02,1.353884E-02,7.441941E+02,2.950478E+02,3.125238E-02,1.809925E-02,3.801838E+02,2.083092E+02,1.596995E-02,1.277819E-02
12:00:00,1.193026E+03,5.056939E+02,5.009989E-02,3.102154E-02,1.653719E+03,7.434931E+02,6.946000E-02,4.561035E-02,1.475143E+02,1.302420E+02,6.198247E-03,7.989254E-03,5.522930E+02,2.666701E+02,2.320030E-02,1.635863E-02,3.573796E+02,2.240081E+02,1.501414E-02,1.374111E-02,7.502573E+02,3.006040E+02,3.150671E-02,1.844008E-02,3.841015E+02,2.110915E+02,1.613440E-02,1.294886E-02
12:10:00,1.201364E+03,5.149615E+02,5.044960E-02,3.159006E-02,1.665463E+03,7.595960E+02,6.995280E-02,4.659818E-02,1.492252E+02,1.316442E+02,6.270130E-03,8.075272E-03,5.573860E+02,2.717826E+02,2.341408E-02,1.667225E-02,3.613987E+02,2.271410E+02,1.518291E-02,1.393328E-02,7.560078E+02,3.059314E+02,3.174792E-02,1.876689E-02,3.878861E+02,2.137385E+02,1.629325E-02,1.311124E-02
12:20:00,1.209290E+03,5.246247E+02,5.078202E-02,3.218286E-02,1.676686E+03,7.763649E+02,7.042369E-02,4.762687E-02,1.510156E+02,1.331442E+02,6.345369E-03,8.167279E-03,5.623243E+02,2.771213E+02,2.362137E-02,1.699974E-02,3.654124E+02,2.304232E+02,1.535147E-02,1.413462E-02,7.614881E+02,3.114884E+02,3.197779E-02,1.910778E-02,3.915556E+02,2.165418E+02,1.644727E-02,1.328320E-02
12:30:00,1.216854E+03,5.346949E+02,5.109931E-02,3.280062E-02,1.687452E+03,7.937869E+02,7.087543E-02,4.869566E-02,1.528368E+02,1.347411E+02,6.421936E-03,8.265237E-03,5.671264E+02,2.826942E+02,2.382293E-02,1.734161E-02,3.693347E+02,2.338609E+02,1.551625E-02,1.434549E-02,7.667316E+02,3.172955E+02,3.219773E-02,1.946401E-02,3.951234E+02,2.195103E+02,1.659702E-02,1.346530E-02
12:40:00,1.224099E+03,5.453348E+02,5.140317E-02,3.345335E-02,1.697814E+03,8.118527E+02,7.131020E-02,4.980395E-02,1.547115E+02,1.364343E+02,6.500734E-03,8.369103E-03,5.718062E+02,2.884868E+02,2.401936E-02,1.769696E-02,3.732111E+02,2.374442E+02,1.567907E-02,1.456530E-02,7.717654E+02,3.234409E+02,3.240888E-02,1.984101E-02,3.986000E+02,2.227427E+02,1.674294E-02,1.366359E-02
12:50:00,1.231058E+03,5.567724E+02,5.169504E-02,3.415501E-02,1.707815E+03,8.305447E+02,7.172980E-02,5.095069E-02,1.566080E+02,1.382223E+02,6.580449E-03,8.478789E-03,5.763750E+02,2.945045E+02,2.421113E-02,1.806613E-02,3.770307E+02,2.411776E+02,1.583948E-02,1.479432E-02,7.766118E+02,3.300505E+02,3.261215E-02,2.024648E-02,4.019939E+02,2.263598E+02,1.688538E-02,1.388548E-02
13:00:00,1.237759E+03,5.688539E+02,5.197609E-02,3.489620E-02,1.717489E+03,8.498426E+02,7.213570E-02,5.213460E-02,1.585292E+02,1.401034E+02,6.661183E-03,8.594184E-03,5.808419E+02,3.007340E+02,2.439861E-02,1.844829E-02,3.808007E+02,2.450519E+02,1.599779E-02,1.503199E-02,7.812890E+02,3.370374E+02,3.280833E-02,2.067511E-02,4.053117E+02,2.302832E+02,1.702463E-02,1.412617E-02
13:10:00,1.244226E+03,6.884279E+02,5.224730E-02,4.322787E-02,1.726866E+03,1.042342E+03,7.252914E-02,6.540680E-02,1.604663E+02,1.729106E+02,6.742578E-03,1.088779E-02,5.852141E+02,3.741485E+02,2.458212E-02,2.351797E-02,3.845235E+02,3.028349E+02,1.615411E-02,1.906609E-02,7.858128E+02,4.125601E+02,3.299808E-02,2.592766E-02,4.085592E+02,2.808612E+02,1.716092E-02,1.766222E-02
13:20:00,1.250479E+03,7.367454E+02,5.250954E-02,4.741683E-02,1.735971E+03,1.105043E+03,7.291116E-02,7.099750E-02,1.624157E+02,1.939228E+02,6.824478E-03,1.256074E-02,5.894977E+02,4.074317E+02,2.476191E-02,2.627567E-02,3.882011E+02,3.389171E+02,1.630853E-02,2.194410E-02,7.901964E+02,4.475499E+02,3.318193E-02,2.885617E-02,4.117407E+02,3.082595E+02,1.729444E-02,1.990959E-02
13:30:00,1.256535E+03,8.356098E+02,5.276353E-02,5.516696E-02,1.744825E+03,1.259488E+03,7.328265E-02,8.305097E-02,1.643733E+02,2.255594E+02,6.906721E-03,1.498177E-02,5.936980E+02,4.711140E+02,2.493820E-02,3.117440E-02,3.918352E+02,3.941529E+02,1.646112E-02,2.617125E-02,7.944510E+02,5.123528E+02,3.336038E-02,3.388456E-02,4.148604E+02,3.539347E+02,1.742536E-02,2.344372E-02
13:40:00,1.262409E+03,9.208246E+02,5.300989E-02,6.198031E-02,1.753447E+03,1.389179E+03,7.364439E-02,9.340030E-02,1.663358E+02,2.539321E+02,6.989166E-03,1.717699E-02,5.978193E+02,5.262277E+02,2.511116E-02,3.548273E-02,3.954273E+02,4.436951E+02,1.661194E-02,3.000555E-02,7.985865E+02,5.688478E+02,3.353383E-02,3.834255E-02,4.179214E+02,3.944505E+02,1.755382E-02,2.662290E-02
13:50:00,1.268115E+03,1.004545E+03,5.324919E-02,6.870869E-02,1.761853E+03,1.516794E+03,7.399704E-02,1.036328E-01,1.683004E+02,2.817364E+02,7.071690E-03,1.933515E-02,6.018654E+02,5.803927E+02,2.528097E-02,3.973349E-02,3.989783E+02,4.923174E+02,1.676103E-02,3.378087E-02,8.026115E+02,6.243502E+02,3.370264E-02,4.274194E-02,4.209266E+02,4.342119E+02,1.767994E-02,2.975603E-02
14:00:00,1.273664E+03,1.087306E+03,5.348190E-02,7.539058E-02,1.770056E+03,1.642897E+03,7.434120E-02,1.137896E-01,1.702643E+02,3.091445E+02,7.154186E-03,2.146858E-02,6.058395E+02,6.338229E+02,2.544776E-02,4.394286E-02,4.024893E+02,5.402435E+02,1.690844E-02,3.751371E-02,8.065333E+02,6.791240E+02,3.386713E-02,4.710267E-02,4.238785E+02,4.734902E+02,1.780381E-02,3.286252E-02
14:10:00,1.279066E+03,1.062447E+03,5.370844E-02,7.448695E-02,1.778068E+03,1.594989E+03,7.467736E-02,1.118266E-01,1.722254E+02,3.053642E+02,7.236558E-03,2.140774E-02,6.097446E+02,6.196681E+02,2.561165E-02,4.344440E-02,4.059608E+02,5.337969E+02,1.705418E-02,3.742235E-02,8.103586E+02,6.652228E+02,3.402756E-02,4.663736E-02,4.267792E+02,4.660485E+02,1.792554E-02,3.267304E-02
14:20:00,1.284330E+03,1.108700E+03,5.392921E-02,7.773186E-02,1.785902E+03,1.676238E+03,7.500600E-02,1.175266E-01,1.741816E+02,3.131547E+02,7.318723E-03,2.195435E-02,6.135831E+02,6.452419E+02,2.577274E-02,4.523850E-02,4.093935E+02,5.486005E+02,1.719829E-02,3.846097E-02,8.140932E+02,6.916243E+02,3.418419E-02,4.848954E-02,4.296306E+02,4.817090E+02,1.804520E-02,3.377173E-02
14:30:00,1.289464E+03,1.104454E+03,5.414454E-02,7.743444E-02,1.793565E+03,1.665184E+03,7.532752E-02,1.167522E-01,1.761312E+02,3.101186E+02,7.400605E-03,2.174137E-02,6.173573E+02,6.401242E+02,2.593113E-02,4.487967E-02,4.127879E+02,5.438809E+02,1.734079E-02,3.812988E-02,8.177422E+02,6.881942E+02,3.433723E-02,4.824907E-02,4.324344E+02,4.791165E+02,1.816286E-02,3.358991E-02
14:40:00,1.294476E+03,1.113618E+03,5.435472E-02,7.807591E-02,1.801068E+03,1.678359E+03,7.564227E-02,1.176740E-01,1.780725E+02,3.101564E+02,7.482139E-03,2.174372E-02,6.210692E+02,6.432285E+02,2.608690E-02,4.509655E-02,4.161444E+02,5.444633E+02,1.748170E-02,3.817017E-02,8.213103E+02,6.928001E+02,3.448687E-02,4.857132E-02,4.351922E+02,4.815493E+02,1.827858E-02,3.376003E-02
14:50:00,1.299372E+03,1.123954E+03,5.456004E-02,7.880014E-02,1.808417E+03,1.693087E+03,7.595058E-02,1.187058E-01,1.800041E+02,3.105791E+02,7.563266E-03,2.177325E-02,6.247207E+02,6.470116E+02,2.624014E-02,4.536147E-02,4.194632E+02,5.456311E+02,1.762102E-02,3.825185E-02,8.248015E+02,6.981773E+02,3.463329E-02,4.894803E-02,4.379052E+02,4.845601E+02,1.839242E-02,3.397095E-02
15:00:00,1.304158E+03,1.134915E+03,5.476073E-02,7.956850E-02,1.815620E+03,1.708782E+03,7.625276E-02,1.198059E-01,1.819249E+02,3.112175E+02,7.643932E-03,2.181799E-02,6.283135E+02,6.511849E+02,2.639091E-02,4.565396E-02,4.227446E+02,5.471227E+02,1.775877E-02,3.835639E-02,8.282196E+02,7.039622E+02,3.477663E-02,4.935354E-02,4.405747E+02,4.878804E+02,1.850444E-02,3.420370E-02
15:10:00,1.308839E+03,1.145340E+03,5.495702E-02,8.029938E-02,1.822682E+03,1.723506E+03,7.654906E-02,1.208382E-01,1.838336E+02,3.118102E+02,7.724091E-03,2.185956E-02,6.318490E+02,6.550802E+02,2.653927E-02,4.592703E-02,4.259890E+02,5.484899E+02,1.789496E-02,3.845225E-02,8.315679E+02,7.094687E+02,3.491705E-02,4.973958E-02,4.432018E+02,4.910760E+02,1.861467E-02,3.442774E-02
15:20:00,1.313419E+03,1.155903E+03,5.514911E-02,8.103993E-02,1.829611E+03,1.738465E+03,7.683972E-02,1.218869E-01,1.857293E+02,3.124962E+02,7.803702E-03,2.190765E-02,6.353287E+02,6.590869E+02,2.668529E-02,4.620793E-02,4.291964E+02,5.499877E+02,1.802960E-02,3.855725E-02,8.348494E+02,7.150737E+02,3.505467E-02,5.013253E-02,4.457875E+02,4.943793E+02,1.872317E-02,3.465932E-02
15:30:00,1.317904E+03,1.166640E+03,5.533718E-02,8.179266E-02,1.836410E+03,1.753486E+03,7.712497E-02,1.229400E-01,1.876111E+02,3.132487E+02,7.882725E-03,2.196040E-02,6.387539E+02,6.631414E+02,2.682903E-02,4.649217E-02,4.323672E+02,5.515701E+02,1.816270E-02,3.866818E-02,8.380669E+02,7.207256E+02,3.518960E-02,5.052876E-02,4.483328E+02,4.978063E+02,1.882997E-02,3.489957E-02
15:40:00,1.322297E+03,1.177306E+03,5.552140E-02,8.254045E-02,1.843086E+03,1.768432E+03,7.740501E-02,1.239879E-01,1.894781E+02,3.140492E+02,7.961130E-03,2.201652E-02,6.421258E+02,6.671642E+02,2.697052E-02,4.677420E-02,4.355014E+02,5.531838E+02,1.829426E-02,3.878131E-02,8.412230E+02,7.263544E+02,3.532196E-02,5.092338E-02,4.508386E+02,5.012708E+02,1.893511E-02,3.514245E-02
15:50:00,1.326602E+03,1.187834E+03,5.570192E-02,8.327857E-02,1.849641E+03,1.783198E+03,7.768002E-02,1.250231E-01,1.913298E+02,3.148832E+02,8.038886E-03,2.207499E-02,6.454455E+02,6.711453E+02,2.710982E-02,4.705330E-02,4.385993E+02,5.548162E+02,1.842430E-02,3.889575E-02,8.443198E+02,7.319060E+02,3.545183E-02,5.131259E-02,4.533057E+02,5.047375E+02,1.903863E-02,3.538549E-02
16:00:00,1.330823E+03,1.198154E+03,5.587890E-02,8.400205E-02,1.856081E+03,1.797693E+03,7.795018E-02,1.260394E-01,1.931654E+02,3.157391E+02,8.115966E-03,2.213499E-02,6.487141E+02,6.750518E+02,2.724697E-02,4.732718E-02,4.416611E+02,5.564431E+02,1.855281E-02,3.900981E-02,8.473596E+02,7.373397E+02,3.557930E-02,5.169353E-02,4.557348E+02,5.081802E+02,1.914055E-02,3.562685E-02
16:10:00,1.858314E+03,1.210161E+03,8.705551E-02,8.484391E-02,2.697598E+03,1.815298E+03,1.258734E-01,1.272737E-01,3.253503E+02,3.171586E+02,1.561182E-02,2.223451E-02,9.706058E+02,6.799915E+02,4.579038E-02,4.767350E-02,6.890630E+02,5.588363E+02,3.296626E-02,3.917759E-02,1.186938E+03,7.437776E+02,5.586741E-02,5.214488E-02,6.747545E+02,5.122922E+02,3.199372E-02,3.591513E-02
16:20:00,2.080195E+03,1.222089E+03,1.063224E-01,8.568017E-02,2.991728E+03,1.832893E+03,1.517509E-01,1.285074E-01,4.241156E+02,3.186329E+02,2.269165E-02,2.233788E-02,1.133857E+03,6.849305E+02,5.872575E-02,4.801979E-02,8.651251E+02,5.612760E+02,4.595307E-02,3.934864E-02,1.356123E+03,7.501826E+02,6.993237E-02,5.259394E-02,8.033739E+02,5.164245E+02,4.197874E-02,3.620484E-02
16:30:00,2.489758E+03,1.233711E+03,1.376830E-01,8.649506E-02,3.627145E+03,1.850381E+03,1.996195E-01,1.297337E-01,5.629797E+02,3.201461E+02,3.235735E-02,2.244398E-02,1.409339E+03,6.898400E+02,7.889510E-02,4.836404E-02,1.112452E+03,5.637389E+02,6.353543E-02,3.952133E-02,1.634595E+03,7.564859E+02,9.104080E-02,5.303589E-02,9.996462E+02,5.204876E+02,5.632550E-02,3.648972E-02
16:40:00,2.838606E+03,1.245117E+03,1.651552E-01,8.729483E-02,4.159257E+03,1.867678E+03,2.408617E-01,1.309466E-01,6.867636E+02,3.216871E+02,4.106103E-02,2.255204E-02,1.647535E+03,6.947245E+02,9.667887E-02,4.870655E-02,1.333551E+03,5.662237E+02,7.944426E-02,3.969559E-02,1.875471E+03,7.626706E+02,1.097442E-01,5.346956E-02,1.171785E+03,5.245091E+02,6.913057E-02,3.677170E-02
16:50:00,3.175192E+03,1.256246E+03,1.918585E-01,8.807527E-02,4.673266E+03,1.884729E+03,2.809725E-01,1.321423E-01,8.068377E+02,3.232463E+02,4.953400E-02,2.266139E-02,1.877932E+03,6.995706E+02,1.139763E-01,4.904639E-02,1.548083E+03,5.687230E+02,9.494312E-02,3.987087E-02,2.107988E+03,7.687095E+02,1.279227E-01,5.389303E-02,1.338274E+03,5.284721E+02,8.158216E-02,3.704960E-02
17:00:00,3.503582E+03,1.267042E+03,2.180431E-01,8.883234E-02,5.175356E+03,1.901645E+03,3.203330E-01,1.333286E-01,9.242279E+02,3.248149E+02,5.783956E-02,2.277139E-02,2.102964E+03,7.044541E+02,1.309369E-01,4.938887E-02,1.757791E+03,5.712833E+02,1.101397E-01,4.005042E-02,2.334778E+03,7.745631E+02,1.457388E-01,5.430351E-02,1.500799E+03,5.323911E+02,9.378461E-02,3.732440E-02
17:10:00,3.301769E+03,1.278338E+03,2.127931E-01,8.962448E-02,4.832286E+03,1.919485E+03,3.114096E-01,1.345797E-01,9.089465E+02,3.264167E+02,5.858295E-02,2.288373E-02,2.004779E+03,7.097620E+02,1.292053E-01,4.976109E-02,1.718934E+03,5.741139E+02,1.107896E-01,4.024893E-02,2.220176E+03,7.808210E+02,1.430909E-01,5.474234E-02,1.443340E+03,5.364979E+02,9.302500E-02,3.761238E-02
17:20:00,3.399561E+03,1.289382E+03,2.190812E-01,9.039896E-02,5.027837E+03,1.937007E+03,3.239897E-01,1.358085E-01,9.250057E+02,3.280008E+02,5.961536E-02,2.299482E-02,2.061192E+03,7.150688E+02,1.328332E-01,5.013326E-02,1.747640E+03,5.769583E+02,1.126346E-01,4.044841E-02,2.271759E+03,7.870269E+02,1.464065E-01,5.517754E-02,1.473297E+03,5.404920E+02,9.495059E-02,3.789247E-02
17:30:00,3.304345E+03,1.300154E+03,2.129490E-01,9.115430E-02,4.874293E+03,1.954185E+03,3.141008E-01,1.370131E-01,8.990484E+02,3.295634E+02,5.794542E-02,2.310440E-02,2.001722E+03,7.203529E+02,1.290046E-01,5.050381E-02,1.701629E+03,5.798065E+02,1.096735E-01,4.064815E-02,2.210315E+03,7.931684E+02,1.424496E-01,5.560819E-02,1.432905E+03,5.443498E+02,9.235025E-02,3.816298E-02
17:40:00,3.265019E+03,1.310599E+03,2.104106E-01,9.188665E-02,4.816958E+03,1.970960E+03,3.104057E-01,1.381894E-01,8.863627E+02,3.310978E+02,5.712788E-02,2.321198E-02,1.976169E+03,7.255988E+02,1.273569E-01,5.087164E-02,1.678630E+03,5.826495E+02,1.081902E-01,4.084749E-02,2.183065E+03,7.992092E+02,1.406900E-01,5.603175E-02,1.414156E+03,5.480457E+02,9.114028E-02,3.842211E-02
17:50:00,3.233515E+03,1.320653E+03,2.083701E-01,9.259155E-02,4.771175E+03,1.987252E+03,3.074434E-01,1.393318E-01,8.756595E+02,3.325968E+02,5.643647E-02,2.331708E-02,1.955260E+03,7.307440E+02,1.260042E-01,5.123239E-02,1.659171E+03,5.854495E+02,1.069330E-01,4.104380E-02,2.161033E+03,8.051138E+02,1.392642E-01,5.644573E-02,1.398723E+03,5.515527E+02,9.014221E-02,3.866798E-02
18:00:00,3.206063E+03,1.330262E+03,2.065964E-01,9.326524E-02,4.731172E+03,2.002820E+03,3.048588E-01,1.404233E-01,8.659739E+02,3.340529E+02,5.581176E-02,2.341916E-02,1.936727E+03,7.356770E+02,1.248073E-01,5.157825E-02,1.641657E+03,5.881320E+02,1.058036E-01,4.123186E-02,2.141792E+03,8.108503E+02,1.380221E-01,5.684791E-02,1.385039E+03,5.548084E+02,8.925929E-02,3.889623E-02
18:10:00,3.181573E+03,1.337414E+03,2.050182E-01,9.376670E-02,4.695353E+03,2.014555E+03,3.025502E-01,1.412461E-01,8.569782E+02,3.350655E+02,5.523225E-02,2.349015E-02,1.919882E+03,7.393152E+02,1.237218E-01,5.183332E-02,1.625578E+03,5.899752E+02,1.047680E-01,4.136108E-02,2.124578E+03,8.151100E+02,1.369133E-01,5.714655E-02,1.372597E+03,5.571336E+02,8.845795E-02,3.905924E-02
18:20:00,3.159329E+03,1.343606E+03,2.035858E-01,9.420074E-02,4.662680E+03,2.025167E+03,3.004461E-01,1.419900E-01,8.484735E+02,3.359886E+02,5.468435E-02,2.355486E-02,1.904292E+03,7.425833E+02,1.227176E-01,5.206243E-02,1.610598E+03,5.916008E+02,1.038029E-01,4.147503E-02,2.108909E+03,8.187849E+02,1.359042E-01,5.740417E-02,1.361075E+03,5.590983E+02,8.771582E-02,3.919696E-02
18:30:00,3.138825E+03,1.348726E+03,2.022647E-01,9.455969E-02,4.632445E+03,2.034578E+03,2.984984E-01,1.426498E-01,8.403391E+02,3.368165E+02,5.416009E-02,2.361290E-02,1.889669E+03,7.454347E+02,1.217754E-01,5.226232E-02,1.596488E+03,5.929873E+02,1.028935E-01,4.157223E-02,2.094426E+03,8.218017E+02,1.349710E-01,5.761564E-02,1.350261E+03,5.606667E+02,8.701891E-02,3.930689E-02
18:40:00,3.119718E+03,1.352692E+03,2.010331E-01,9.483767E-02,4.604160E+03,2.042739E+03,2.966756E-01,1.432219E-01,8.325029E+02,3.375430E+02,5.365496E-02,2.366382E-02,1.875831E+03,7.478458E+02,1.208836E-01,5.243134E-02,1.583104E+03,5.941229E+02,1.020308E-01,4.165183E-02,2.080898E+03,8.240881E+02,1.340990E-01,5.777591E-02,1.340026E+03,5.618013E+02,8.635915E-02,3.938642E-02
18:50:00,3.101768E+03,1.355389E+03,1.998762E-01,9.502675E-02,4.577482E+03,2.049591E+03,2.949561E-01,1.437022E-01,8.249194E+02,3.381612E+02,5.316614E-02,2.370716E-02,1.862642E+03,7.498152E+02,1.200334E-01,5.256939E-02,1.570334E+03,5.949874E+02,1.012076E-01,4.171243E-02,2.068165E+03,8.255474E+02,1.332782E-01,5.787819E-02,1.330269E+03,5.624517E+02,8.573021E-02,3.943200E-02
19:00:00,3.084808E+03,1.380380E+03,1.987831E-01,9.677881E-02,4.552175E+03,2.055074E+03,2.933251E-01,1.440867E-01,8.175615E+02,3.386643E+02,5.269187E-02,2.374243E-02,1.850015E+03,7.513005E+02,1.192196E-01,5.267351E-02,1.558100E+03,5.955547E+02,1.004190E-01,4.175219E-02,2.056112E+03,8.442400E+02,1.325014E-01,5.918868E-02,1.320926E+03,5.754874E+02,8.512806E-02,4.034588E-02
19:10:00,3.068701E+03,1.415014E+03,1.977451E-01,9.920744E-02,4.528054E+03,2.062119E+03,2.917707E-01,1.445805E-01,8.104113E+02,3.394958E+02,5.223101E-02,2.380072E-02,1.837888E+03,7.574687E+02,1.184380E-01,5.310594E-02,1.546346E+03,5.989568E+02,9.966143E-02,4.199070E-02,2.044655E+03,8.705789E+02,1.317630E-01,6.103561E-02,1.311953E+03,5.936213E+02,8.454972E-02,4.161744E-02
19:20:00,3.053347E+03,1.446852E+03,1.967555E-01,1.014401E-01,4.504998E+03,2.068524E+03,2.902848E-01,1.450296E-01,8.034556E+02,3.402873E+02,5.178268E-02,2.385622E-02,1.826212E+03,7.646116E+02,1.176855E-01,5.360682E-02,1.535025E+03,6.029105E+02,9.893172E-02,4.226792E-02,2.033706E+03,8.952226E+02,1.310573E-01,6.276375E-02,1.303313E+03,6.103739E+02,8.399285E-02,4.279217E-02
19:30:00,3.038677E+03,1.472558E+03,1.958101E-01,1.032427E-01,4.482895E+03,2.074139E+03,2.888605E-01,1.454234E-01,7.966845E+02,3.410306E+02,5.134624E-02,2.390834E-02,1.814949E+03,7.709450E+02,1.169596E-01,5.405096E-02,1.524100E+03,6.063800E+02,9.822749E-02,4.251122E-02,2.023229E+03,9.153217E+02,1.303821E-01,6.417310E-02,1.294978E+03,6.239458E+02,8.345561E-02,4.374380E-02
19:40:00,3.024626E+03,1.489949E+03,1.949046E-01,1.044621E-01,4.461657E+03,2.079104E+03,2.874918E-01,1.457717E-01,7.900899E+02,3.417211E+02,5.092118E-02,2.395678E-02,1.804059E+03,7.756739E+02,1.162577E-01,5.438261E-02,1.513533E+03,6.089048E+02,9.754642E-02,4.268829E-02,2.013180E+03,9.286951E+02,1.297344E-01,6.511075E-02,1.286916E+03,6.331618E+02,8.293600E-02,4.438993E-02
19:50:00,3.011138E+03,1.499056E+03,1.940353E-01,1.051005E-01,4.441207E+03,2.083395E+03,2.861740E-01,1.460728E-01,7.836651E+02,3.423573E+02,5.050707E-02,2.400141E-02,1.793523E+03,7.784331E+02,1.155787E-01,5.457613E-02,1.503305E+03,6.103607E+02,9.688714E-02,4.279040E-02,2.003520E+03,9.349602E+02,1.291119E-01,6.554992E-02,1.279116E+03,6.380619E+02,8.243326E-02,4.473341E-02
20:00:00,2.998166E+03,1.480486E+03,1.931993E-01,1.037985E-01,4.421484E+03,2.086968E+03,2.849030E-01,1.463236E-01,7.774041E+02,3.429391E+02,5.010351E-02,2.404224E-02,1.783318E+03,7.797868E+02,1.149211E-01,5.467107E-02,1.493392E+03,6.109942E+02,9.624822E-02,4.283486E-02,1.994219E+03,9.194284E+02,1.285124E-01,6.446087E-02,1.271561E+03,6.279086E+02,8.194633E-02,4.402152E-02
20:10:00,2.985669E+03,1.449315E+03,1.923939E-01,1.016125E-01,4.402432E+03,2.087334E+03,2.836752E-01,1.463495E-01,7.713016E+02,3.430800E+02,4.971018E-02,2.405215E-02,1.773426E+03,7.753903E+02,1.142835E-01,5.436287E-02,1.483776E+03,6.082133E+02,9.562841E-02,4.263993E-02,1.985247E+03,8.938707E+02,1.279342E-01,6.266859E-02,1.264236E+03,6.113090E+02,8.147427E-02,4.285747E-02
20:20:00,2.973612E+03,1.419002E+03,1.916169E-01,9.948672E-02,4.384005E+03,2.086679E+03,2.824877E-01,1.463038E-01,7.653527E+02,3.431395E+02,4.932674E-02,2.405636E-02,1.763828E+03,7.691793E+02,1.136650E-01,5.392737E-02,1.474440E+03,6.044192E+02,9.502661E-02,4.237394E-02,1.976582E+03,8.684963E+02,1.273757E-01,6.088917E-02,1.257130E+03,5.952705E+02,8.101624E-02,4.173278E-02
20:30:00,2.961964E+03,1.393416E+03,1.908662E-01,9.769262E-02,4.366161E+03,2.085128E+03,2.813378E-01,1.461952E-01,7.595526E+02,3.431152E+02,4.895289E-02,2.405468E-02,1.754510E+03,7.630732E+02,1.130644E-01,5.349921E-02,1.465367E+03,6.007071E+02,9.444184E-02,4.211368E-02,1.968202E+03,8.465955E+02,1.268356E-01,5.935351E-02,1.250230E+03,5.818685E+02,8.057152E-02,4.079309E-02
20:40:00,2.950699E+03,1.375089E+03,1.901402E-01,9.640769E-02,4.348863E+03,2.082511E+03,2.802231E-01,1.460118E-01,7.538970E+02,3.429993E+02,4.858835E-02,2.404655E-02,1.745457E+03,7.579205E+02,1.124810E-01,5.313792E-02,1.456545E+03,5.975585E+02,9.387323E-02,4.189294E-02,1.960089E+03,8.306451E+02,1.263128E-01,5.823524E-02,1.243526E+03,5.724576E+02,8.013944E-02,4.013334E-02
20:50:00,2.939792E+03,1.364259E+03,1.894373E-01,9.564862E-02,4.332079E+03,2.078823E+03,2.791415E-01,1.457532E-01,7.483815E+02,3.427801E+02,4.823285E-02,2.403119E-02,1.736657E+03,7.541010E+02,1.119138E-01,5.287014E-02,1.447962E+03,5.951154E+02,9.332001E-02,4.172167E-02,1.952227E+03,8.212637E+02,1.258060E-01,5.757766E-02,1.237009E+03,5.671351E+02,7.971940E-02,3.976029E-02
21:00:00,2.929221E+03,1.356870E+03,1.887561E-01,9.513086E-02,4.315780E+03,2.074091E+03,2.780912E-01,1.454214E-01,7.430021E+02,3.424451E+02,4.788612E-02,2.400770E-02,1.728098E+03,7.510847E+02,1.113622E-01,5.265871E-02,1.439607E+03,5.931521E+02,9.278145E-02,4.158405E-02,1.944599E+03,8.151805E+02,1.253144E-01,5.715138E-02,1.230670E+03,5.638310E+02,7.931086E-02,3.952878E-02
21:10:00,2.918966E+03,1.216674E+03,1.880952E-01,8.453365E-02,4.299940E+03,1.843168E+03,2.770704E-01,1.282459E-01,7.377548E+02,3.026751E+02,4.754790E-02,2.106798E-02,1.719770E+03,6.620121E+02,1.108255E-01,4.609922E-02,1.431469E+03,5.229547E+02,9.225693E-02,3.640867E-02,1.937194E+03,7.254949E+02,1.248372E-01,5.044724E-02,1.224502E+03,5.034444E+02,7.891330E-02,3.498959E-02
21:20:00,2.909011E+03,1.118564E+03,1.874537E-01,7.651942E-02,4.284534E+03,1.677613E+03,2.760777E-01,1.150444E-01,7.326358E+02,2.699010E+02,4.721796E-02,1.855611E-02,1.711663E+03,5.936587E+02,1.103030E-01,4.080225E-02,1.423539E+03,4.654612E+02,9.174583E-02,3.201107E-02,1.929999E+03,6.599327E+02,1.243735E-01,4.522438E-02,1.218497E+03,4.578910E+02,7.852628E-02,3.136632E-02
21:30:00,2.899340E+03,9.812099E+02,1.868304E-01,6.610977E-02,4.269542E+03,1.446928E+03,2.751115E-01,9.785698E-02,7.276414E+02,2.281212E+02,4.689605E-02,1.549257E-02,1.703768E+03,5.032957E+02,1.097941E-01,3.415994E-02,1.415810E+03,3.922069E+02,9.124761E-02,2.664987E-02,1.923004E+03,5.716915E+02,1.239227E-01,3.861943E-02,1.212649E+03,3.973422E+02,7.814935E-02,2.682826E-02
21:40:00,2.889937E+03,8.501985E+02,1.862244E-01,5.609658E-02,4.254942E+03,1.223392E+03,2.741707E-01,8.111494E-02,7.227681E+02,1.878802E+02,4.658194E-02,1.252389E-02,1.696076E+03,4.157799E+02,1.092984E-01,2.769584E-02,1.408272E+03,3.215502E+02,9.076177E-02,2.145038E-02,1.916198E+03,4.873081E+02,1.234840E-01,3.225714E-02,1.206951E+03,3.396967E+02,7.778212E-02,2.247132E-02
21:50:00,2.880789E+03,7.190702E+02,1.856349E-01,4.608454E-02,4.240718E+03,9.991113E+02,2.732540E-01,6.433768E-02,7.180124E+02,1.476554E+02,4.627541E-02,9.557137E-03,1.688580E+03,3.282708E+02,1.088153E-01,2.123642E-02,1.400919E+03,2.509615E+02,9.028783E-02,1.625798E-02,1.909573E+03,4.030956E+02,1.230570E-01,2.591141E-02,1.201398E+03,2.821641E+02,7.742421E-02,1.812443E-02
22:00:00,2.871885E+03,5.863783E+02,1.850610E-01,3.598440E-02,4.226852E+03,7.713948E+02,2.723605E-01,4.736118E-02,7.133710E+02,1.071498E+02,4.597625E-02,6.574245E-03,1.681272E+03,2.398059E+02,1.083443E-01,1.472283E-02,1.393744E+03,1.798960E+02,8.982535E-02,1.103933E-02,1.903120E+03,3.181105E+02,1.226411E-01,1.952381E-02,1.195984E+03,2.242133E+02,7.707529E-02,1.375464E-02
22:10:00,2.441664E+03,5.852708E+02,1.561781E-01,3.590853E-02,3.565182E+03,7.636700E+02,2.286436E-01,4.685078E-02,5.925350E+02,1.054380E+02,3.818844E-02,6.468241E-03,1.409140E+03,2.360201E+02,9.055851E-02,1.447884E-02,1.161920E+03,1.762673E+02,7.480718E-02,1.081322E-02,1.615948E+03,3.166835E+02,1.034044E-01,1.942869E-02,1.003438E+03,2.233641E+02,6.446477E-02,1.370376E-02
22:20:00,2.053311E+03,5.411097E+02,1.290859E-01,3.320253E-02,2.968906E+03,6.865674E+02,1.877251E-01,4.212451E-02,4.744436E+02,9.636295E+01,3.053407E-02,5.911982E-03,1.160443E+03,2.106321E+02,7.378655E-02,1.292243E-02,9.443994E+02,1.594898E+02,6.041832E-02,9.784736E-03,1.356505E+03,2.909923E+02,8.536065E-02,1.785418E-02,8.268759E+02,2.076470E+02,5.254876E-02,1.274070E-02
22:30:00,1.707001E+03,5.346678E+02,1.038058E-01,3.280755E-02,2.438065E+03,6.704773E+02,1.496226E-01,4.113723E-02,3.623984E+02,9.590978E+01,2.315395E-02,5.884202E-03,9.341066E+02,2.062140E+02,5.798571E-02,1.265134E-02,7.407422E+02,1.579363E+02,4.664027E-02,9.689441E-03,1.121604E+03,2.873936E+02,6.837734E-02,1.763349E-02,6.649423E+02,2.066058E+02,4.126949E-02,1.267694E-02
22:40:00,1.377213E+03,5.200394E+02,7.923703E-02,3.191077E-02,1.943767E+03,6.431012E+02,1.130921E-01,3.945832E-02,2.548866E+02,9.353087E+01,1.597899E-02,5.738382E-03,7.202262E+02,1.978329E+02,4.273135E-02,1.213736E-02,5.460334E+02,1.531976E+02,3.326358E-02,9.398916E-03,8.960508E+02,2.790880E+02,5.180158E-02,1.712428E-02,5.103420E+02,2.021747E+02,3.031473E-02,1.240539E-02
22:50:00,1.057028E+03,5.034904E+02,5.509969E-02,3.089521E-02,1.457026E+03,6.123443E+02,7.692350E-02,3.757093E-02,1.505457E+02,9.075123E+01,8.953988E-03,5.567837E-03,5.100170E+02,1.882878E+02,2.765611E-02,1.155169E-02,3.545478E+02,1.477772E+02,2.004762E-02,9.066339E-03,6.769683E+02,2.696004E+02,3.551846E-02,1.654209E-02,3.589273E+02,1.970411E+02,1.951237E-02,1.209038E-02
23:00:00,7.442642E+02,4.863519E+02,3.130453E-02,2.984311E-02,9.829503E+02,5.809413E+02,4.133504E-02,3.564348E-02,4.785967E+01,8.787450E+01,2.014822E-03,5.391280E-03,3.045895E+02,1.785243E+02,1.280723E-02,1.095250E-02,1.670535E+02,1.422032E+02,7.024555E-03,8.724261E-03,4.625278E+02,2.597713E+02,1.945247E-02,1.593877E-02,2.106622E+02,1.916714E+02,8.861190E-03,1.176077E-02
23:10:00,8.581075E+02,3.987379E+02,3.607604E-02,2.446677E-02,1.163980E+03,4.720363E+02,4.893143E-02,2.896129E-02,6.331762E+01,7.215656E+01,2.664641E-03,4.426920E-03,3.670147E+02,1.450456E+02,1.542937E-02,8.898479E-03,2.070862E+02,1.164103E+02,8.706564E-03,7.141787E-03,5.323498E+02,2.127311E+02,2.238182E-02,1.305241E-02,2.517318E+02,1.577072E+02,1.058554E-02,9.676683E-03
23:20:00,9.347087E+02,3.135107E+02,3.928556E-02,1.923705E-02,1.286026E+03,3.676319E+02,5.405231E-02,2.255544E-02,7.759434E+01,5.682468E+01,3.264697E-03,3.486266E-03,4.086173E+02,1.129439E+02,1.717566E-02,6.928995E-03,2.354001E+02,9.137708E+01,9.895579E-03,5.605963E-03,5.775829E+02,1.670500E+02,2.427499E-02,1.024951E-02,2.787022E+02,1.244608E+02,1.171554E-02,7.636693E-03
23:30:00,9.734698E+02,2.308727E+02,4.089306E-02,1.416627E-02,1.348532E+03,2.680209E+02,5.665718E-02,1.644382E-02,8.727743E+01,4.191719E+01,3.669075E-03,2.571660E-03,4.302604E+02,8.231867E+01,1.807920E-02,5.050124E-03,2.522119E+02,6.717023E+01,1.060009E-02,4.120854E-03,6.011467E+02,1.228472E+02,2.525277E-02,7.537351E-03,2.928532E+02,9.200949E+01,1.230514E-02,5.645509E-03
23:40:00,9.995881E+02,1.509830E+02,4.198491E-02,9.264202E-03,1.379979E+03,1.734223E+02,5.797146E-02,1.063983E-02,9.380062E+01,2.746196E+01,3.943130E-03,1.684808E-03,4.417154E+02,5.324403E+01,1.855841E-02,3.266411E-03,2.623191E+02,4.384256E+01,1.102394E-02,2.689699E-03,6.180270E+02,8.021680E+01,2.595866E-02,4.921709E-03,3.014018E+02,6.041392E+01,1.266291E-02,3.706852E-03
23:50:00,1.019732E+03,7.398362E+01,4.282963E-02,4.539542E-03,1.409030E+03,8.402757E+01,5.919042E-02,5.155216E-03,9.846507E+01,1.348279E+01,4.139077E-03,8.271727E-04,4.516879E+02,2.578598E+01,1.897672E-02,1.581902E-03,2.713436E+02,2.143926E+01,1.140280E-02,1.315269E-03,6.309394E+02,3.924272E+01,2.650017E-02,2.407722E-03,3.084210E+02,2.972812E+01,1.295731E-02,1.824034E-03
24:00:00,1.035883E+03,0.000000E+00,4.350719E-02,0.000000E+00,1.430323E+03,0.000000E+00,6.008391E-02,0.000000E+00,1.027364E+02,0.000000E+00,4.318519E-03,0.000000E+00,4.589560E+02,0.000000E+00,1.928154E-02,0.000000E+00,2.784254E+02,0.000000E+00,1.170005E-02,0.000000E+00,6.415822E+02,0.000000E+00,2.694677E-02,0.000000E+00,3.138805E+02,0.000000E+00,1.318632E-02,0.000000E+00
Peak,3.503582E+03,1.499056E+03,2.180431E-01,1.051005E-01,5.175356E+03,2.087334E+03,3.203330E-01,1.463495E-01,9.250057E+02,3.431395E+02,5.961536E-02,2.405636E-02,2.102964E+03,7.797868E+02,1.309369E-01,5.467107E-02,1.757791E+03,6.109942E+02,1.101397E-01,4.283486E-02,2.334778E+03,9.349602E+02,1.457388E-01,6.554992E-02,1.500799E+03,6.380619E+02,9.378461E-02,4.473341E-02

Peak Vol Flow (m3/s),,,1.860929E-01,8.969999E-02,,,2.733942E-01,1.249047E-01,,,5.087984E-02,2.053135E-02,,,1.117505E-01,4.666004E-02,,,9.400077E-02,3.655820E-02,,,1.243835E-01,5.594480E-02,,,8.004222E-02,3.817856E-02
